Group 1,
"Short needles or scales, evergreen; closely spaced in opposite pairs or whorls of 3,often over lapping and obscuring the stem; seeds in cones, some cones berry like",
"Eastern White-Cedar, Thuja occidentalis",
Group 3,
"Needles evergreen, in bundles of 2,3, or 5; seeds in cones ",
"Eastern White Pine, Pinus strobus",
"Red Pine, Pinus resinosa",
"Jack Pine, Pinus banksiana",
Group 4,
"Needles deciduous (or evergreen), in tufts of 10 or more on dwarf shoots, also single on long shootsl seeds in cones ",
"Tamarack, Larix laricina",
Group 5,
"Needles evergreen, single, flat or 4-sided; seeds in cones ",
"Norway Spruce, Picea abies",
"White Spruce, Picea glauca",
"Red Spruce, Picea rubens",
"Black Spruce, Picea mariana",
"Eastern Hemlock, Tsuga canadensis",
"Balsam Fir, Abies balsamea",
Group 8,
"Leaves in opposite pairs (or sub opposite or whorled); blade simple or compound; edges lobed, toothed, or smooth",
"Norway Maple, Acer platanoides",
"Sugar Maple, Acer saccharum",
"Red Maple, Acer rubrum",
"Silver Maple, Acer saccharinum",
"Manitoba Maple, Acer negundo",
"Mountain Maple, Acer spicatum",
"Striped Maple, Acer pensylvanicum",
"White Ash, Fraxinus americana",
"Green Ash, Fraxinus pennsylvanica",
Group 9,
"Leaves alternate, compound (divided into 3 or more leaflets)",
"Black Locust, Robinia pseudoacacia",
"American Mountain-Ash, Sorbus americana",
"Butternut, Juglans cinerea",
"Staghorn Sumac, Rhus typhina",
Group 10,
"Leaves alternate, simple; edges lobed",
"Bur Oak, Quercus macrocarpa",
"Red Oak, Quercus rubra",
Group 11,
"Leaves alternate, simple; edges toothed ",
"Basswood, Tilia americana",
"Willow species, Salix spp.",
"American Beech, Fagus grandifolia",
"White Birch, Betula papyrifera",
"Gray Birch, Betula populifolia",
"Yellow Birch, Betula alleghaniensis",
"Speckled Alder, Alnus incana",
"Ironwood, Ostrya virginiana",
"Balsam Poplar, Populus balsamifera",
"Trembling Aspen, Populus tremuloides",
"Largetooth Aspen, Populus grandidentata",
"White Elm, Ulmus americana",
"Pin Cherry, Prunus pensylvanica",
"Choke Cherry, Prunus virginiana",
