Common Name,Latin Name
Norway Spruce,Picea abies
Norway Maple,Acer platanoides
Black Locust,Robinia pseudoacacia
American Mountain-Ash,Sorbus americana
Bur Oak,Quercus macrocarpa
Basswood,Tilia americana
Willow species,Salix spp.
White Spruce,Picea glauca
Red Spruce,Picea rubens
Black Spruce,Picea mariana
Eastern Hemlock,Tsuga canadensis
Sugar Maple,Acer saccharum
Red Maple,Acer rubrum
Silver Maple,Acer saccharinum
Manitoba Maple,Acer negundo
Mountain Maple,Acer spicatum
Striped Maple,Acer pensylvanicum
White Ash,Fraxinus americana
Green Ash,Fraxinus pennsylvanica
Butternut,Juglans cinerea
Staghorn Sumac,Rhus typhina
Red Oak,Quercus rubra
Eastern White-Cedar,Thuja occidentalis
American Beech,Fagus grandifolia
White Birch,Betula papyrifera
Gray Birch,Betula populifolia
Yellow Birch,Betula alleghaniensis
Speckled Alder,Alnus incana
Ironwood,Ostrya virginiana
Balsam Poplar,Populus balsamifera
Trembling Aspen,Populus tremuloides
Largetooth Aspen,Populus grandidentata
White Elm,Ulmus americana
Pin Cherry,Prunus pensylvanica
Choke Cherry,Prunus virginiana
Eastern White Pine,Pinus strobus
Red Pine,Pinus resinosa
Jack Pine,Pinus banksiana
Tamarack,Larix laricina
Balsam Fir,Abies balsamea
Standing Dead Tree,
